precision,recallf1-score,support

0,0.98987,0.99694,0.99339,980
1,0.99124,0.99648,0.99385,1135
2,0.98934,0.98934,0.98934,1032
3,0.99111,0.99307,0.99209,1010
4,0.99289,0.99491,0.99390,982
5,0.99325,0.98991,0.99158,892
6,0.99371,0.98956,0.99163,958
7,0.99316,0.98833,0.99074,1028
8,0.98573,0.99281,0.98926,974
9,0.99498,0.98315,0.98903,1009

avg/total,0.99151,0.99150,0.99150,10000

